diagnosis,count,percent
NAN,6533,34.48221260424364
NV,4206,22.199936662092263
MEL,2857,15.079700200570041
BCC,2809,14.826348569618917
BKL,1138,6.006544917132904
AK,737,3.890003166895387
SCC,431,2.27488651958197
DF,124,0.6544917132904043
VASC,111,0.5858756465744748
