anatom_site_general,count,percent
anterior torso,7369,38.89475350997572
head/neck,4961,26.18494669059432
lower extremity,3616,19.085822864984692
upper extremity,1934,10.207959463739048
palms/soles,670,3.536366515359443
unknown,297,1.5676132165100813
oral/genital,99,0.5225377388366937
