age_bin,count,percent
"(60,80]",4261,34.32691533070168
"(40,60]",4091,32.95738338838315
"(20,40]",2681,21.59832433738822
"(80,100]",944,7.604930314992346
"(0,20]",362,2.9162974301135907
nan,74,0.5961491984210102
