age_bin,count,percent
"(60,80]",6739,35.56951335374222
"(40,60]",6103,32.21260424363982
"(20,40]",3983,21.022907209965165
"(80,100]",1505,7.943629262113375
"(0,20]",499,2.6338013300960625
nan,117,0.6175446004433653
