malignancy,count,percent
benign,6316,50.882139692258114
malignant,6097,49.117860307741886
