anatom_site_general,count,percent
anterior torso,5086,40.97317328607105
head/neck,3223,25.964714412309675
lower extremity,2173,17.505840650930477
upper extremity,1319,10.62595665834206
palms/soles,380,3.0613066945943768
unknown,173,1.3937001530653348
oral/genital,59,0.47530814468702165
