diagnosis,count,percent
NV,4206,33.883831467010395
MEL,2857,23.016192701200353
BCC,2809,22.629501329251593
BKL,1138,9.167807943285265
AK,737,5.937323773463304
SCC,431,3.4721662772899378
DF,124,0.9989527108676388
VASC,111,0.8942237976315154
