sex,count,percent
male,9840,51.93708434498047
female,8989,47.445371054576164
unknown,117,0.6175446004433653
