malignancy,count,percent
benign,12849,67.81906471022907
malignant,6097,32.18093528977093
