sex,count,percent
male,6499,52.356400547812775
female,5840,47.047450253766215
unknown,74,0.5961491984210102
