{
  "accuracy": 0.8661290322580645,
  "recall": 0.9540229885057471,
  "auroc": 0.9561776729927994,
  "epochs": 15,
  "batch_size": 64,
  "lr": 0.001
}